ts,mem_avail_mb,load1,hikari_active,heap_used_mb,app_rss_mb,es_rss_mb
07:50:40,1564,1.93,0,99,708,973
07:50:42,1566,1.93,0,100,708,973
07:50:44,1566,1.93,0,102,708,973
07:50:46,1566,1.77,0,104,708,973
07:50:48,1566,1.77,0,106,708,973
07:50:50,1566,1.63,0,107,708,973
07:50:52,1566,1.63,0,108,708,973
07:50:54,1560,1.63,0,109,708,973
07:50:56,1560,1.50,0,110,708,973
07:50:58,1560,1.50,0,111,708,973
07:51:00,1560,1.38,0,112,708,973
07:51:03,1559,1.38,0,113,708,973
07:51:05,1568,1.38,0,114,708,973
07:51:07,1566,1.51,0,115,709,973
07:51:09,1566,1.51,0,116,709,973
07:51:11,1565,1.39,0,117,709,973
07:51:13,1565,1.39,0,118,709,973
07:51:15,1565,1.28,0,119,709,973
07:51:17,1563,1.28,0,120,709,973
07:51:19,1563,1.28,0,121,709,973
07:51:21,1563,1.18,0,122,709,973
07:51:23,1561,1.18,0,124,709,973
07:51:25,1559,1.08,0,125,709,973
07:51:27,1556,1.08,0,126,709,973
07:51:29,1556,1.08,0,127,709,973
07:51:31,1559,0.99,0,128,709,973
07:51:33,1556,0.99,0,129,709,973
07:51:35,1558,0.91,0,130,709,973
07:51:37,1571,0.91,0,131,709,973
07:51:40,1570,0.91,0,132,709,973
07:51:42,1566,0.84,0,134,709,973
07:51:44,1564,0.84,0,135,709,973
07:51:46,1564,0.85,0,136,709,973
07:51:48,1563,0.85,0,142,710,973
07:51:50,1558,0.87,0,146,711,973
07:51:52,1558,0.87,0,153,711,973
07:51:54,1569,0.87,1,159,712,973
07:51:56,1562,0.80,0,163,713,973
07:51:58,1559,0.80,0,169,713,974
07:52:00,1559,0.97,0,177,714,974
07:52:02,1558,0.97,0,184,715,974
07:52:04,1557,0.97,0,191,716,974
07:52:06,1557,0.89,0,198,716,974
07:52:08,1552,0.89,0,205,716,974
07:52:10,1549,0.82,0,210,717,975
07:52:12,1548,0.82,0,216,717,975
07:52:15,1548,0.82,0,222,718,975
07:52:17,1555,0.76,0,229,718,975
07:52:19,1554,0.76,0,239,719,975
07:52:21,1550,0.70,1,247,719,975
07:52:23,1549,0.70,0,258,720,975
07:52:25,1547,0.70,0,277,721,975
07:52:27,1572,0.64,0,110,679,977
07:52:29,1567,0.64,0,137,679,977
07:52:31,1566,0.67,0,161,679,977
07:52:33,1566,0.67,1,179,680,978
07:52:35,1572,0.62,0,211,680,978
07:52:37,1572,0.62,0,245,680,978
07:52:39,1572,0.62,0,113,681,979
07:52:41,1572,1.05,0,155,681,979
07:52:44,1570,1.05,10,185,683,979
07:52:46,1562,0.96,3,90,683,979
07:52:48,1565,0.96,1,141,683,980
07:52:50,1564,1.05,2,191,684,980
07:52:52,1558,1.05,1,247,685,980
07:52:55,1560,1.05,10,135,679,981
07:52:57,1561,1.92,2,207,679,981
07:52:59,1556,1.92,10,114,679,983
07:53:01,1558,2.65,2,186,679,983
07:53:04,1558,2.65,3,84,679,983
07:53:06,1557,2.92,1,160,679,984
07:53:08,1558,2.92,4,227,679,984
07:53:10,1567,2.92,9,133,669,984
07:53:12,1564,3.81,10,214,669,984
07:53:14,1563,3.81,10,153,670,984
07:53:16,1563,4.62,2,227,670,984
07:53:19,1561,4.62,10,154,672,985
07:53:21,1554,5.29,10,242,673,985
07:53:23,1552,5.29,9,169,676,985
07:53:25,1548,5.29,10,105,677,985
07:53:27,1545,5.91,10,193,681,985
07:53:29,1557,5.91,10,133,684,986
07:53:31,1542,6.48,10,218,689,986
07:53:33,1544,6.48,10,158,690,986
07:53:36,1534,6.76,10,249,690,986
07:53:38,1530,6.76,10,204,690,986
07:53:40,1536,7.02,10,155,690,986
07:53:42,1529,7.02,0,226,690,986
07:53:45,1526,7.02,0,228,690,986
07:53:47,1539,6.46,0,229,690,986
07:53:49,1528,6.46,0,231,690,986
07:53:51,1527,5.94,0,232,690,986
07:53:53,1525,5.94,0,233,690,986
07:53:55,1523,5.94,0,235,690,986
07:53:57,1523,5.47,0,236,690,986
07:53:59,1523,5.47,0,238,690,986
07:54:01,1522,5.11,0,239,690,986
07:54:03,1522,5.11,0,241,690,986
07:54:05,1522,5.11,0,242,690,986
07:54:07,1522,4.70,0,243,690,986
07:54:09,1522,4.70,0,245,690,986
07:54:11,1520,4.32,0,246,690,986
07:54:13,1520,4.32,0,248,690,986
07:54:15,1520,3.98,0,249,690,986
07:54:17,1520,3.98,0,251,690,986
07:54:19,1520,3.98,0,252,690,986
07:54:21,1520,3.66,0,254,690,986
07:54:23,1519,3.66,0,255,690,986
07:54:25,1530,3.36,0,257,690,986
07:54:28,1529,3.36,0,258,690,986
07:54:30,1526,3.36,0,260,690,986
07:54:32,1518,3.09,0,261,690,986
07:54:34,1460,3.09,0,262,690,986
07:54:36,1414,2.93,0,102,690,986
07:54:38,1402,2.93,0,102,690,986
07:54:40,1405,2.93,0,105,683,986
07:54:42,1424,2.85,0,109,670,986
07:54:44,1427,2.85,0,110,670,986
07:54:46,1430,2.62,0,111,670,986
07:54:48,1430,2.62,0,112,670,986
07:54:50,1430,2.41,0,113,670,986
07:54:52,1429,2.41,0,114,670,986
07:54:54,1435,2.41,0,115,670,986
07:54:56,1437,2.22,0,116,670,986
07:54:58,1435,2.22,0,117,670,986
07:55:01,1435,2.04,0,118,670,986
07:55:03,1437,2.04,0,119,670,986
07:55:05,1435,2.04,1,121,670,987
07:55:07,1435,1.96,1,156,670,991
07:55:09,1433,1.96,0,215,670,991
07:55:11,1433,1.96,1,103,670,991
07:55:13,1433,1.96,1,158,670,992
07:55:15,1433,1.88,1,212,670,992
07:55:17,1428,1.88,1,101,670,993
07:55:20,1429,1.88,1,158,670,992
07:55:22,1428,1.89,1,213,670,993
07:55:24,1424,1.89,1,99,670,993
07:55:26,1424,1.82,1,151,670,993
07:55:28,1423,1.82,1,205,670,993
07:55:30,1424,1.82,1,260,670,993
07:55:32,1424,1.84,1,148,670,994
07:55:34,1425,1.84,1,202,670,994
07:55:36,1425,1.77,1,258,670,994
07:55:38,1425,1.77,1,142,670,994
07:55:40,1425,1.77,1,198,670,994
07:55:42,1426,1.87,1,251,670,994
07:55:44,1426,1.87,1,140,670,994
07:55:46,1426,1.80,1,192,670,994
07:55:48,1427,1.80,1,247,670,994
07:55:50,1427,1.65,1,139,670,994
07:55:52,1428,1.65,1,191,670,994
07:55:54,1423,1.65,1,249,670,994
07:55:57,1420,1.52,1,134,670,994
07:55:59,1413,1.52,1,188,670,994
07:56:01,1416,1.48,1,233,670,994
07:56:03,1416,1.48,0,124,670,994
07:56:05,1421,1.48,1,176,670,995
07:56:07,1417,1.44,1,232,670,995
07:56:09,1417,1.44,1,122,670,995
07:56:11,1418,1.33,1,177,670,995
07:56:13,1419,1.33,1,235,670,995
07:56:15,1419,1.33,1,121,670,995
07:56:17,1420,1.30,1,177,670,995
07:56:19,1419,1.30,1,234,670,995
07:56:21,1419,1.35,1,122,670,995
07:56:23,1420,1.35,1,179,670,995
07:56:25,1420,1.35,1,236,670,995
07:56:27,1420,1.33,1,124,670,995
07:56:29,1416,1.33,1,180,670,995
07:56:32,1415,1.30,1,234,670,995
07:56:34,1415,1.30,1,121,670,995
07:56:36,1415,1.36,1,178,670,995
07:56:38,1415,1.36,1,233,670,995
07:56:40,1415,1.36,1,121,670,995
07:56:42,1415,1.33,1,179,670,995
07:56:44,1416,1.33,1,232,670,995
07:56:46,1415,1.30,1,120,670,995
07:56:48,1433,1.30,0,178,670,995
07:56:50,1426,1.30,1,232,670,995
07:56:52,1425,1.28,1,121,670,995
07:56:54,1425,1.28,1,178,670,995
07:56:56,1423,1.25,1,232,670,995
07:56:58,1423,1.25,1,121,670,995
07:57:00,1432,1.25,1,169,670,995
07:57:02,1430,1.23,1,226,670,995
07:57:05,1419,1.23,0,118,670,998
07:57:07,1420,1.37,1,171,670,999
07:57:09,1420,1.37,1,228,670,999
07:57:11,1421,1.34,0,118,670,999
07:57:13,1417,1.34,1,171,670,999
07:57:15,1417,1.34,1,225,670,999
07:57:17,1417,1.32,1,113,670,999
07:57:19,1418,1.32,1,169,670,999
07:57:21,1418,1.21,1,228,670,999
07:57:23,1419,1.21,1,116,670,999
07:57:25,1420,1.21,1,170,670,999
07:57:27,1420,1.19,1,229,670,999
07:57:29,1420,1.19,1,115,670,999
07:57:31,1412,1.18,1,168,670,999
07:57:33,1413,1.18,0,226,670,999
07:57:35,1413,1.18,1,112,670,999
07:57:38,1421,1.24,1,169,670,999
07:57:40,1421,1.24,1,228,670,999
07:57:42,1420,1.22,1,115,670,999
07:57:44,1421,1.22,1,170,670,999
07:57:46,1419,1.21,0,226,670,999
07:57:48,1419,1.21,1,112,670,999
07:57:50,1419,1.21,1,169,670,999
07:57:52,1430,1.19,1,226,670,999
07:57:54,1428,1.19,1,115,670,999
07:57:56,1424,1.17,1,170,670,999
07:57:58,1424,1.17,1,229,670,999
07:58:00,1424,1.17,1,110,670,999
07:58:02,1422,1.16,1,170,670,999
07:58:04,1427,1.16,0,227,670,999
07:58:06,1429,1.15,1,112,670,998
07:58:08,1428,1.15,1,170,670,998
07:58:10,1426,1.15,1,228,670,998
07:58:12,1426,1.05,0,120,670,998
07:58:14,1426,1.05,1,175,670,998
07:58:17,1424,1.05,1,231,671,998
07:58:19,1425,1.05,0,120,671,998
07:58:21,1425,1.05,1,175,671,998
07:58:23,1425,1.05,1,232,671,998
07:58:25,1425,1.05,1,123,671,998
07:58:27,1425,0.96,1,177,671,998
07:58:29,1418,0.96,1,234,671,998
07:58:31,1417,0.97,1,125,671,998
07:58:33,1412,0.97,1,180,671,998
07:58:35,1432,0.97,1,237,671,998
07:58:37,1431,1.05,1,128,671,998
07:58:39,1427,1.05,1,186,671,998
07:58:41,1424,1.04,0,245,671,998
07:58:43,1424,1.04,1,131,671,998
07:58:45,1423,1.04,1,187,671,998
07:58:47,1429,1.04,0,245,671,998
07:58:49,1428,1.04,1,132,671,998
07:58:51,1424,1.04,1,189,671,998
07:58:53,1424,1.04,1,246,671,998
07:58:56,1424,1.04,1,132,671,998
07:58:58,1429,1.27,1,189,671,998
07:59:00,1427,1.27,0,243,671,998
07:59:02,1427,1.33,1,128,671,998
07:59:04,1426,1.33,1,184,671,998
07:59:06,1418,1.31,1,235,671,998
07:59:08,1420,1.31,1,126,671,998
07:59:10,1417,1.31,1,181,671,998
07:59:12,1416,1.28,1,237,671,998
07:59:14,1416,1.28,1,128,671,998
07:59:16,1416,1.34,0,186,671,998
07:59:18,1413,1.34,1,241,671,998
